{
    "user":
                [
            {"name":"Siva",
            "location":"Bengaluru",
            "likes":64,
            "description": "Kick start your career",
            "PostImage": "https://images.unsplash.com/photo-1670272504471-61a632484750?ixlib=rb-4.0.3&ixid=MnwxMjA3fDF8MHxlZGl0b3JpYWwtZmVlZHwxfHx8ZW58MHx8fHw%3D&auto=format&fit=crop&w=500&q=60",
            "date": "12/02/2022"
            },
            {"name":"Neeraj",
            "location":"Pune",
            "likes":30,
            "description": "Sample Description",
            "PostImage": "https://images.unsplash.com/photo-1670348282580-abc55452fe6d?ixlib=rb-4.0.3&ixid=MnwxMjA3fDB8MHxlZGl0b3JpYWwtZmVlZHwyfHx8ZW58MHx8fHw%3D&auto=format&fit=crop&w=500&q=60",
            "date": "15/05/2022"
            },
            {"name":"Rahul",
            "location":"Hyderabad",
            "likes":30,
            "description": "Sample Description for Post",
            "PostImage": "https://images.unsplash.com/photo-1670381003831-d99ee159b882?ixlib=rb-4.0.3&ixid=MnwxMjA3fDB8MHxlZGl0b3JpYWwtZmVlZHwyM3x8fGVufDB8fHx8&auto=format&fit=crop&w=500&q=60",
            "date": "10/06/2022"
            }
            ]
}
